[
  {
    "table_name": "users",
    "column_name": "id",
    "data_type": "uuid"
  },
  {
    "table_name": "users",
    "column_name": "created_at",
    "data_type": "timestamp with time zone"
  },
  {
    "table_name": "users",
    "column_name": "email",
    "data_type": "text"
  },
  {
    "table_name": "users",
    "column_name": "name",
    "data_type": "text"
  },
  {
    "table_name": "users",
    "column_name": "description",
    "data_type": "text"
  },
  {
    "table_name": "users",
    "column_name": "avatar",
    "data_type": "character varying"
  },
  {
    "table_name": "users",
    "column_name": "updated_at",
    "data_type": "timestamp with time zone"
  },
  {
    "table_name": "users",
    "column_name": "links",
    "data_type": "ARRAY"
  },
  {
    "table_name": "users",
    "column_name": "provider",
    "data_type": "text"
  }
] 